feature,weight
Distance_(KM),0.33840122423711455
log_Distance_(KM),0.1428386443855802
Rider_Id_speed_median,0.11031139812043703
geo_distance_Pickup_Lat_Pickup_Long_Destination_Lat_Destination_Long,0.09650016955878862
h3_dist_Pickup_Lat_Pickup_Long_hex_11_Destination_Lat_Destination_Long_hex_11,0.06989662791265806
h3_dist_Pickup_Lat_Pickup_Long_hex_10_Destination_Lat_Destination_Long_hex_10,0.023130239894331134
failed_orders_cnt_div_orders_cnt,0.016114585531792534
Pickup_-_Time_Arrival_at_Pickup_-_Time_diff,0.013221603521352876
h3_dist_Pickup_Lat_Pickup_Long_hex_9_Destination_Lat_Destination_Long_hex_9,0.010880412320082213
Destination_Lat,0.008891990363666896
Rider_Id_speed_mean,0.008376453383220111
Pickup_Lat,0.008102194636981749
multiply_Pickup_-_Time_Confirmation_-_Time_diff_div_Pickup_-_Time_Placement_-_Time_diff_Pickup_-_Time_Confirmation_-_Time_diff_div_Arrival_at_Pickup_-_Time_Placement_-_Time_diff,0.007340909342913096
log_Pickup_-_Time_Arrival_at_Pickup_-_Time_diff,0.006171306318708735
Rider_Id_Distance_(KM)_mean,0.00498221099675946
"Pickup_-_Weekday_(Mo_=_1)_Pickup_-_Time,_hour_speed_median",0.004940126079894083
Destination_Lat_Destination_Long_Order_No_count,0.004252356571317237
Rider_Id_speed_std,0.004243019845865625
Destination_Lat_Destination_Long_speed_median,0.004091070388436505
failed_orders_cnt,0.0038761203377580323
Rider_Id_Arrival_at_Pickup_-_Time_Confirmation_-_Time_diff_std,0.0038296801500820646
Rider_Id_speed_mean_to_median,0.0033991823752168235
Average_Rating,0.00329456839518757
multiply_Pickup_-_Time_Arrival_at_Pickup_-_Time_diff_div_Pickup_-_Time_Confirmation_-_Time_diff_Pickup_-_Time_Arrival_at_Pickup_-_Time_diff_div_Confirmation_-_Time_Placement_-_Time_diff,0.0032378291149939807
Rider_Id_speed_q_diff,0.002975194664453262
Destination_Long,0.0026154777677633812
Distance_(KM)_div_geo_distance_Pickup_Lat_Pickup_Long_Destination_Lat_Destination_Long,0.0024353474034665263
"Pickup_Lat_Pickup_Long_[100,_200,_300,_500]",0.0020869756257585114
log_Arrival_at_Pickup_-_Time_Placement_-_Time_diff,0.001958281590746674
Rider_Id_geo_distance_Pickup_Lat_Pickup_Long_Destination_Lat_Destination_Long_mean,0.0018746358997372516
Rider_Id_geo_distance_Pickup_Lat_Pickup_Long_Destination_Lat_Destination_Long_median,0.0018164243185600803
Arrival_at_Pickup_-_Time_Confirmation_-_Time_diff,0.0017928307131328109
Rider_Id_Pickup_-_Time_Confirmation_-_Time_diff_q_diff,0.0017208385764374238
"Destination_Lat_Destination_Long_[100,_200,_300,_500]",0.0016768990445721961
multiply_Pickup_-_Time_Arrival_at_Pickup_-_Time_diff_div_Arrival_at_Pickup_-_Time_Placement_-_Time_diff_Pickup_-_Time_Confirmation_-_Time_diff_div_Confirmation_-_Time_Placement_-_Time_diff,0.0016522784600831216
Pickup_-_Weekday_(Mo_=_1)_speed_median,0.0016104826754278633
Destination_Lat_Destination_Long_hex_9,0.0015089899390760462
Rider_Id_Distance_(KM)_median,0.0014496102179940486
Destination_Lat_Destination_Long_speed_q_diff,0.0014258596894747787
geo_bearing_Pickup_Lat_Pickup_Long_Destination_Lat_Destination_Long,0.0013300920450221518
Pickup_-_Time_Confirmation_-_Time_diff,0.0012368449326999602
multiply_Pickup_-_Time_Arrival_at_Pickup_-_Time_diff_div_Arrival_at_Pickup_-_Time_Confirmation_-_Time_diff_Pickup_-_Time_Arrival_at_Pickup_-_Time_diff_div_Confirmation_-_Time_Placement_-_Time_diff,0.0012280122141318632
Arrival_at_Pickup_-_Time_Placement_-_Time_diff,0.0012206361490279642
Pickup_Lat_Pickup_Long_Order_No_count,0.001218671653437939
Destination_Lat_Destination_Long_speed_mean,0.0012157816862833008
Pickup_Long,0.001193509301017242
Rider_Id_Pickup_-_Time_Confirmation_-_Time_diff_std,0.0011885475749054916
Pickup_-_Time_Placement_-_Time_diff,0.0011792274867101498
Pickup_Lat_Pickup_Long_hex_10,0.0011754940460774327
Pickup_Lat_Pickup_Long_hex_9,0.0011542181828468915
Pickup_Lat_Pickup_Long_speed_median,0.0011503427951016693
Pickup_-_Day_of_Month_speed_median,0.0010570891750633488
Pickup_Lat_Pickup_Long_hex_11,0.0010567068679209653
Rider_Id_Distance_(KM)_q_diff,0.0010518066176506008
multiply_Pickup_-_Time_Confirmation_-_Time_diff_div_Arrival_at_Pickup_-_Time_Confirmation_-_Time_diff_Pickup_-_Time_Confirmation_-_Time_diff_div_Arrival_at_Pickup_-_Time_Placement_-_Time_diff,0.0010469559575878849
Destination_Lat_Destination_Long_hex_10,0.0010310317651783276
Rider_Id_Arrival_at_Pickup_-_Time_Placement_-_Time_diff_median,0.0010198928331194433
Pickup_Lat_Pickup_Long_speed_mean,0.0009731141841702072
log_Arrival_at_Pickup_-_Time_Confirmation_-_Time_diff,0.0009712256006088732
multiply_Pickup_-_Time_Placement_-_Time_diff_div_Arrival_at_Pickup_-_Time_Confirmation_-_Time_diff_Pickup_-_Time_Placement_-_Time_diff_div_Arrival_at_Pickup_-_Time_Placement_-_Time_diff,0.0009399143973768471
Rider_Id_Pickup_-_Time_Placement_-_Time_diff_median,0.0009378136774408109
multiply_Pickup_-_Time_Arrival_at_Pickup_-_Time_diff_div_Confirmation_-_Time_Placement_-_Time_diff_Pickup_-_Time_Confirmation_-_Time_diff_div_Confirmation_-_Time_Placement_-_Time_diff,0.0008660289857365316
Rider_Id_Arrival_at_Pickup_-_Time_Confirmation_-_Time_diff_median,0.000833656475329849
Rider_Id_Pickup_-_Time_Confirmation_-_Time_diff_mean,0.0008186617837965622
"Placement_-_Time,_minute",0.0008083185772249348
Rider_Id_Pickup_-_Time_Arrival_at_Pickup_-_Time_diff_median,0.0007800542584991372
multiply_Pickup_-_Time_Arrival_at_Pickup_-_Time_diff_div_Pickup_-_Time_Placement_-_Time_diff_Pickup_-_Time_Confirmation_-_Time_diff_div_Arrival_at_Pickup_-_Time_Confirmation_-_Time_diff,0.0007710355859060632
multiply_Pickup_-_Time_Arrival_at_Pickup_-_Time_diff_div_Pickup_-_Time_Placement_-_Time_diff_Pickup_-_Time_Arrival_at_Pickup_-_Time_diff_div_Confirmation_-_Time_Placement_-_Time_diff,0.0007702397099453828
No_of_Ratings_div_No_Of_Orders,0.0007689946346678133
multiply_Pickup_-_Time_Arrival_at_Pickup_-_Time_diff_div_Arrival_at_Pickup_-_Time_Placement_-_Time_diff_Pickup_-_Time_Arrival_at_Pickup_-_Time_diff_div_Confirmation_-_Time_Placement_-_Time_diff,0.0007558792594966419
Rider_Id_Arrival_at_Pickup_-_Time_Confirmation_-_Time_diff_q_diff,0.0007365272639193698
Pickup_-_Time_Confirmation_-_Time_diff_div_Pickup_-_Time_Placement_-_Time_diff,0.0007045690757502292
"Arrival_at_Pickup_-_Time,_minute",0.000699703637582676
Pickup_-_Weekday_(Mo_=_1)_speed_q_diff,0.0006693214155291201
Rider_Id_geo_distance_Pickup_Lat_Pickup_Long_Destination_Lat_Destination_Long_std,0.0006633370949293067
Rider_Id_geo_distance_Pickup_Lat_Pickup_Long_Destination_Lat_Destination_Long_q_diff,0.0006294023250055577
Pickup_-_Day_of_Month_speed_std,0.0006176515801738525
multiply_Pickup_-_Time_Confirmation_-_Time_diff_div_Arrival_at_Pickup_-_Time_Placement_-_Time_diff_Pickup_-_Time_Placement_-_Time_diff_div_Arrival_at_Pickup_-_Time_Placement_-_Time_diff,0.0006142740329049217
Destination_Lat_Destination_Long_hex_11,0.0006047181304085602
Temperature,0.0005895384888496733
multiply_Pickup_-_Time_Arrival_at_Pickup_-_Time_diff_div_Arrival_at_Pickup_-_Time_Confirmation_-_Time_diff_Pickup_-_Time_Confirmation_-_Time_diff_div_Confirmation_-_Time_Placement_-_Time_diff,0.0005695710517536949
Age,0.0005682288600177574
"Pickup_-_Time,_minute",0.000554330025296863
Rider_Id_Pickup_-_Time_Placement_-_Time_diff_q_diff,0.0005437421574510704
multiply_Pickup_-_Time_Placement_-_Time_diff_div_Arrival_at_Pickup_-_Time_Confirmation_-_Time_diff_Arrival_at_Pickup_-_Time_Confirmation_-_Time_diff_div_Arrival_at_Pickup_-_Time_Placement_-_Time_diff,0.0005434387019504266
No_Of_Orders_div_Age,0.0005145192536858587
Pickup_Lat_Pickup_Long_speed_q_diff,0.0005089864055807126
Rider_Id_Arrival_at_Pickup_-_Time_Placement_-_Time_diff_mean,0.0004951653870679919
"Confirmation_-_Time,_minute",0.0004893715464948598
Rider_Id_Pickup_-_Time_Arrival_at_Pickup_-_Time_diff_mean,0.00048534152841864806
multiply_Pickup_-_Time_Arrival_at_Pickup_-_Time_diff_div_Confirmation_-_Time_Placement_-_Time_diff_Pickup_-_Time_Placement_-_Time_diff_div_Confirmation_-_Time_Placement_-_Time_diff,0.00048458343060743086
Confirmation_-_Time_Placement_-_Time_diff,0.0004813217654451086
Rider_Id_Distance_(KM)_std,0.0004541075629733637
"Pickup_-_Weekday_(Mo_=_1)_Pickup_-_Time,_hour_speed_q_diff",0.0004539217192382256
multiply_Pickup_-_Time_Confirmation_-_Time_diff_div_Arrival_at_Pickup_-_Time_Placement_-_Time_diff_Pickup_-_Time_Confirmation_-_Time_diff_div_Pickup_-_Time_Placement_-_Time_diff,0.0004515810537712013
Pickup_-_Day_of_Month,0.00044959387218583585
Rider_Id_Confirmation_-_Time_Placement_-_Time_diff_median,0.0004363673218386132
Rider_Id_Arrival_at_Pickup_-_Time_Confirmation_-_Time_diff_mean,0.0004157483995786061
multiply_Pickup_-_Time_Arrival_at_Pickup_-_Time_diff_div_Pickup_-_Time_Confirmation_-_Time_diff_Pickup_-_Time_Placement_-_Time_diff_div_Confirmation_-_Time_Placement_-_Time_diff,0.0004034213637578709
Rider_Id_Pickup_-_Time_Arrival_at_Pickup_-_Time_diff_q_diff,0.00038507154789671206
Pickup_-_Weekday_(Mo_=_1)_speed_mean,0.00038153380115062743
No_Of_Orders,0.00037924206936074145
Pickup_Lat_Pickup_Long_speed_count,0.000378489913390044
Pickup_-_Day_of_Month_speed_mean,0.00037757632157510207
multiply_Pickup_-_Time_Confirmation_-_Time_diff_div_Pickup_-_Time_Placement_-_Time_diff_Pickup_-_Time_Confirmation_-_Time_diff_div_Arrival_at_Pickup_-_Time_Confirmation_-_Time_diff,0.00036223274530085097
multiply_Pickup_-_Time_Arrival_at_Pickup_-_Time_diff_div_Arrival_at_Pickup_-_Time_Confirmation_-_Time_diff_Pickup_-_Time_Arrival_at_Pickup_-_Time_diff_div_Arrival_at_Pickup_-_Time_Placement_-_Time_diff,0.000335792058840468
Pickup_-_Time_Arrival_at_Pickup_-_Time_diff_div_Confirmation_-_Time_Placement_-_Time_diff,0.0003314974105679496
multiply_Pickup_-_Time_Arrival_at_Pickup_-_Time_diff_div_Pickup_-_Time_Placement_-_Time_diff_Pickup_-_Time_Confirmation_-_Time_diff_div_Confirmation_-_Time_Placement_-_Time_diff,0.0003308758054308198
multiply_Pickup_-_Time_Arrival_at_Pickup_-_Time_diff_div_Pickup_-_Time_Confirmation_-_Time_diff_Pickup_-_Time_Arrival_at_Pickup_-_Time_diff_div_Arrival_at_Pickup_-_Time_Confirmation_-_Time_diff,0.000325152146546275
Rider_Id_Pickup_-_Time_Placement_-_Time_diff_std,0.00032398434706457796
Rider_Id_Pickup_-_Time_Placement_-_Time_diff_mean,0.0003208753777218039
Destination_Lat_Destination_Long_speed_std,0.0003182832396381746
Rider_Id_Pickup_-_Time_Arrival_at_Pickup_-_Time_diff_std,0.0003170996719616098
multiply_Pickup_-_Time_Arrival_at_Pickup_-_Time_diff_div_Arrival_at_Pickup_-_Time_Confirmation_-_Time_diff_Arrival_at_Pickup_-_Time_Confirmation_-_Time_diff_div_Arrival_at_Pickup_-_Time_Placement_-_Time_diff,0.0003094944147809556
Rider_Id_Confirmation_-_Time_Placement_-_Time_diff_mean,0.0003093900591633689
multiply_Pickup_-_Time_Arrival_at_Pickup_-_Time_diff_div_Arrival_at_Pickup_-_Time_Placement_-_Time_diff_Pickup_-_Time_Placement_-_Time_diff_div_Confirmation_-_Time_Placement_-_Time_diff,0.0003023296301240325
multiply_Pickup_-_Time_Arrival_at_Pickup_-_Time_diff_div_Confirmation_-_Time_Placement_-_Time_diff_Pickup_-_Time_Arrival_at_Pickup_-_Time_diff_div_Pickup_-_Time_Confirmation_-_Time_diff,0.0002962308092980837
multiply_Pickup_-_Time_Confirmation_-_Time_diff_div_Pickup_-_Time_Placement_-_Time_diff_Pickup_-_Time_Confirmation_-_Time_diff_div_Pickup_-_Time_Placement_-_Time_diff,0.00029013975706147164
multiply_Pickup_-_Time_Arrival_at_Pickup_-_Time_diff_div_Arrival_at_Pickup_-_Time_Placement_-_Time_diff_Arrival_at_Pickup_-_Time_Confirmation_-_Time_diff_div_Confirmation_-_Time_Placement_-_Time_diff,0.0002859066372542286
"Pickup_-_Time,_week-hour",0.00028013228237161025
Pickup_-_Time_Placement_-_Time_diff_div_Arrival_at_Pickup_-_Time_Confirmation_-_Time_diff,0.00028006147406696273
multiply_Pickup_-_Time_Confirmation_-_Time_diff_div_Arrival_at_Pickup_-_Time_Confirmation_-_Time_diff_Pickup_-_Time_Placement_-_Time_diff_div_Arrival_at_Pickup_-_Time_Placement_-_Time_diff,0.0002792933773313011
"Pickup_-_Weekday_(Mo_=_1)_Pickup_-_Time,_hour_speed_std",0.00027625048164474787
Rider_Id_Confirmation_-_Time_Placement_-_Time_diff_q_diff,0.00027597135615424197
Pickup_-_Day_of_Month_speed_q_diff,0.00026850440813461056
"Placement_-_Time,_week-hour",0.0002650566038095928
multiply_Pickup_-_Time_Arrival_at_Pickup_-_Time_diff_div_Arrival_at_Pickup_-_Time_Confirmation_-_Time_diff_Pickup_-_Time_Confirmation_-_Time_diff_div_Arrival_at_Pickup_-_Time_Placement_-_Time_diff,0.00025326196782812126
Rider_Id_Pickup_-_Time_Confirmation_-_Time_diff_median,0.00024980243438016257
Rider_Id_Confirmation_-_Time_Placement_-_Time_diff_std,0.0002459803457288332
orders_cnt,0.00024342707957037196
multiply_Pickup_-_Time_Confirmation_-_Time_diff_div_Arrival_at_Pickup_-_Time_Confirmation_-_Time_diff_Pickup_-_Time_Placement_-_Time_diff_div_Arrival_at_Pickup_-_Time_Confirmation_-_Time_diff,0.00022760988521622547
multiply_Pickup_-_Time_Arrival_at_Pickup_-_Time_diff_div_Confirmation_-_Time_Placement_-_Time_diff_Pickup_-_Time_Arrival_at_Pickup_-_Time_diff_div_Arrival_at_Pickup_-_Time_Placement_-_Time_diff,0.00022422548382343798
multiply_Pickup_-_Time_Confirmation_-_Time_diff_div_Pickup_-_Time_Placement_-_Time_diff_Pickup_-_Time_Placement_-_Time_diff_div_Arrival_at_Pickup_-_Time_Placement_-_Time_diff,0.00021924756519515012
Rider_Id_Arrival_at_Pickup_-_Time_Placement_-_Time_diff_std,0.00021918306957147992
multiply_Pickup_-_Time_Arrival_at_Pickup_-_Time_diff_div_Pickup_-_Time_Confirmation_-_Time_diff_Pickup_-_Time_Placement_-_Time_diff_div_Arrival_at_Pickup_-_Time_Confirmation_-_Time_diff,0.00021697540430504385
Pickup_Lat_Pickup_Long_speed_std,0.00021559783916360293
multiply_Pickup_-_Time_Arrival_at_Pickup_-_Time_diff_div_Arrival_at_Pickup_-_Time_Placement_-_Time_diff_Arrival_at_Pickup_-_Time_Confirmation_-_Time_diff_div_Arrival_at_Pickup_-_Time_Placement_-_Time_diff,0.00021482188575855536
multiply_Pickup_-_Time_Confirmation_-_Time_diff_div_Arrival_at_Pickup_-_Time_Confirmation_-_Time_diff_Arrival_at_Pickup_-_Time_Placement_-_Time_diff_div_Confirmation_-_Time_Placement_-_Time_diff,0.00021195809505229133
Pickup_-_Time_Arrival_at_Pickup_-_Time_diff_div_Arrival_at_Pickup_-_Time_Confirmation_-_Time_diff,0.00021142066441475396
multiply_Pickup_-_Time_Placement_-_Time_diff_div_Arrival_at_Pickup_-_Time_Confirmation_-_Time_diff_Pickup_-_Time_Placement_-_Time_diff_div_Confirmation_-_Time_Placement_-_Time_diff,0.00020699779536925532
"Arrival_at_Pickup_-_Time,_hour",0.00020102462679652284
"Pickup_-_Time,_hour_speed_mean",0.00020016920173466878
Pickup_-_Time_Arrival_at_Pickup_-_Time_diff_div_Pickup_-_Time_Confirmation_-_Time_diff,0.00019877598777717662
multiply_Pickup_-_Time_Arrival_at_Pickup_-_Time_diff_div_Pickup_-_Time_Confirmation_-_Time_diff_Arrival_at_Pickup_-_Time_Placement_-_Time_diff_div_Confirmation_-_Time_Placement_-_Time_diff,0.0001939937347391437
multiply_Pickup_-_Time_Confirmation_-_Time_diff_div_Arrival_at_Pickup_-_Time_Confirmation_-_Time_diff_Pickup_-_Time_Confirmation_-_Time_diff_div_Pickup_-_Time_Placement_-_Time_diff,0.00018936802364091435
Pickup_-_Day_of_Month_speed_mean_to_median,0.00018798321510954643
"Pickup_-_Weekday_(Mo_=_1)_Pickup_-_Time,_hour_speed_mean_to_median",0.00018748228940517145
multiply_Arrival_at_Pickup_-_Time_Confirmation_-_Time_diff_div_Arrival_at_Pickup_-_Time_Placement_-_Time_diff_Arrival_at_Pickup_-_Time_Confirmation_-_Time_diff_div_Confirmation_-_Time_Placement_-_Time_diff,0.00018669767093824752
multiply_Pickup_-_Time_Confirmation_-_Time_diff_div_Arrival_at_Pickup_-_Time_Placement_-_Time_diff_Arrival_at_Pickup_-_Time_Confirmation_-_Time_diff_div_Arrival_at_Pickup_-_Time_Placement_-_Time_diff,0.0001847427190383982
"Confirmation_-_Time,_week-hour",0.00018468280872180096
multiply_Pickup_-_Time_Placement_-_Time_diff_div_Arrival_at_Pickup_-_Time_Confirmation_-_Time_diff_Arrival_at_Pickup_-_Time_Placement_-_Time_diff_div_Confirmation_-_Time_Placement_-_Time_diff,0.00018250075832248978
Average_Rating_div_No_of_Ratings,0.00018036602176950517
No_of_Ratings,0.00018001110974473104
multiply_Pickup_-_Time_Placement_-_Time_diff_div_Arrival_at_Pickup_-_Time_Placement_-_Time_diff_Pickup_-_Time_Arrival_at_Pickup_-_Time_diff_div_Pickup_-_Time_Confirmation_-_Time_diff,0.0001785669913431164
multiply_Pickup_-_Time_Placement_-_Time_diff_div_Arrival_at_Pickup_-_Time_Placement_-_Time_diff_Arrival_at_Pickup_-_Time_Confirmation_-_Time_diff_div_Arrival_at_Pickup_-_Time_Placement_-_Time_diff,0.0001767051173694469
multiply_Pickup_-_Time_Arrival_at_Pickup_-_Time_diff_div_Arrival_at_Pickup_-_Time_Confirmation_-_Time_diff_Pickup_-_Time_Placement_-_Time_diff_div_Arrival_at_Pickup_-_Time_Confirmation_-_Time_diff,0.00017375770890601828
multiply_Pickup_-_Time_Arrival_at_Pickup_-_Time_diff_div_Pickup_-_Time_Confirmation_-_Time_diff_Pickup_-_Time_Arrival_at_Pickup_-_Time_diff_div_Pickup_-_Time_Placement_-_Time_diff,0.00017204937942971128
multiply_Pickup_-_Time_Arrival_at_Pickup_-_Time_diff_div_Pickup_-_Time_Placement_-_Time_diff_Pickup_-_Time_Confirmation_-_Time_diff_div_Arrival_at_Pickup_-_Time_Placement_-_Time_diff,0.00016292383802526305
multiply_Pickup_-_Time_Arrival_at_Pickup_-_Time_diff_div_Pickup_-_Time_Confirmation_-_Time_diff_Arrival_at_Pickup_-_Time_Confirmation_-_Time_diff_div_Arrival_at_Pickup_-_Time_Placement_-_Time_diff,0.00016255146247133595
Rider_Id_Arrival_at_Pickup_-_Time_Placement_-_Time_diff_q_diff,0.0001556653251984932
log_Pickup_-_Time_Confirmation_-_Time_diff,0.00015459762706023227
multiply_Pickup_-_Time_Confirmation_-_Time_diff_div_Arrival_at_Pickup_-_Time_Placement_-_Time_diff_Pickup_-_Time_Confirmation_-_Time_diff_div_Arrival_at_Pickup_-_Time_Confirmation_-_Time_diff,0.00015122602252058096
"Arrival_at_Pickup_-_Time,_week-hour",0.0001497275409489531
multiply_Pickup_-_Time_Arrival_at_Pickup_-_Time_diff_div_Arrival_at_Pickup_-_Time_Confirmation_-_Time_diff_Arrival_at_Pickup_-_Time_Confirmation_-_Time_diff_div_Confirmation_-_Time_Placement_-_Time_diff,0.00014971975373667267
"Pickup_-_Weekday_(Mo_=_1)_Pickup_-_Time,_hour_speed_mean",0.0001487300168270831
Pickup_-_Time_Placement_-_Time_diff_div_Arrival_at_Pickup_-_Time_Placement_-_Time_diff,0.00014667650297263678
multiply_Pickup_-_Time_Arrival_at_Pickup_-_Time_diff_div_Arrival_at_Pickup_-_Time_Confirmation_-_Time_diff_Pickup_-_Time_Arrival_at_Pickup_-_Time_diff_div_Pickup_-_Time_Placement_-_Time_diff,0.00014594032984969902
multiply_Pickup_-_Time_Arrival_at_Pickup_-_Time_diff_div_Confirmation_-_Time_Placement_-_Time_diff_Pickup_-_Time_Arrival_at_Pickup_-_Time_diff_div_Arrival_at_Pickup_-_Time_Confirmation_-_Time_diff,0.00014522835152084486
multiply_Pickup_-_Time_Confirmation_-_Time_diff_div_Arrival_at_Pickup_-_Time_Confirmation_-_Time_diff_Arrival_at_Pickup_-_Time_Confirmation_-_Time_diff_div_Arrival_at_Pickup_-_Time_Placement_-_Time_diff,0.00014429456314885272
multiply_Pickup_-_Time_Placement_-_Time_diff_div_Arrival_at_Pickup_-_Time_Placement_-_Time_diff_Pickup_-_Time_Placement_-_Time_diff_div_Arrival_at_Pickup_-_Time_Confirmation_-_Time_diff,0.0001436582324916872
"Pickup_-_Time,_hour_speed_median",0.0001420949329579571
multiply_Pickup_-_Time_Confirmation_-_Time_diff_div_Confirmation_-_Time_Placement_-_Time_diff_Pickup_-_Time_Arrival_at_Pickup_-_Time_diff_div_Confirmation_-_Time_Placement_-_Time_diff,0.00013862938345387513
multiply_Pickup_-_Time_Placement_-_Time_diff_div_Confirmation_-_Time_Placement_-_Time_diff_Arrival_at_Pickup_-_Time_Confirmation_-_Time_diff_div_Confirmation_-_Time_Placement_-_Time_diff,0.00013654761357311104
multiply_Pickup_-_Time_Arrival_at_Pickup_-_Time_diff_div_Arrival_at_Pickup_-_Time_Confirmation_-_Time_diff_Arrival_at_Pickup_-_Time_Placement_-_Time_diff_div_Confirmation_-_Time_Placement_-_Time_diff,0.00013249407764261934
multiply_Pickup_-_Time_Confirmation_-_Time_diff_div_Arrival_at_Pickup_-_Time_Placement_-_Time_diff_Arrival_at_Pickup_-_Time_Confirmation_-_Time_diff_div_Confirmation_-_Time_Placement_-_Time_diff,0.00013197599307683707
multiply_Pickup_-_Time_Arrival_at_Pickup_-_Time_diff_div_Confirmation_-_Time_Placement_-_Time_diff_Pickup_-_Time_Confirmation_-_Time_diff_div_Pickup_-_Time_Placement_-_Time_diff,0.00012880577784335931
Arrival_at_Pickup_-_Time_Placement_-_Time_diff_div_Confirmation_-_Time_Placement_-_Time_diff,0.00012787663060733623
multiply_Pickup_-_Time_Confirmation_-_Time_diff_div_Pickup_-_Time_Placement_-_Time_diff_Arrival_at_Pickup_-_Time_Confirmation_-_Time_diff_div_Confirmation_-_Time_Placement_-_Time_diff,0.00012778768029820162
Arrival_at_Pickup_-_Time_Confirmation_-_Time_diff_div_Arrival_at_Pickup_-_Time_Placement_-_Time_diff,0.00012617446685607583
multiply_Pickup_-_Time_Placement_-_Time_diff_div_Arrival_at_Pickup_-_Time_Confirmation_-_Time_diff_Arrival_at_Pickup_-_Time_Confirmation_-_Time_diff_div_Confirmation_-_Time_Placement_-_Time_diff,0.0001246744702463511
multiply_Pickup_-_Time_Arrival_at_Pickup_-_Time_diff_div_Arrival_at_Pickup_-_Time_Confirmation_-_Time_diff_Pickup_-_Time_Arrival_at_Pickup_-_Time_diff_div_Pickup_-_Time_Confirmation_-_Time_diff,0.00012306112154474117
multiply_Pickup_-_Time_Placement_-_Time_diff_div_Arrival_at_Pickup_-_Time_Placement_-_Time_diff_Pickup_-_Time_Confirmation_-_Time_diff_div_Arrival_at_Pickup_-_Time_Placement_-_Time_diff,0.0001223479965081955
multiply_Pickup_-_Time_Arrival_at_Pickup_-_Time_diff_div_Confirmation_-_Time_Placement_-_Time_diff_Pickup_-_Time_Confirmation_-_Time_diff_div_Arrival_at_Pickup_-_Time_Placement_-_Time_diff,0.00012227324886015986
"Pickup_-_Time,_hour_speed_q_diff",0.00012085271387556366
"Placement_-_Time,_hour",0.00012053143948847304
Personal_or_Business,0.00011824208117381444
multiply_Pickup_-_Time_Placement_-_Time_diff_div_Arrival_at_Pickup_-_Time_Confirmation_-_Time_diff_Pickup_-_Time_Placement_-_Time_diff_div_Arrival_at_Pickup_-_Time_Confirmation_-_Time_diff,0.00011301301532884149
multiply_Pickup_-_Time_Arrival_at_Pickup_-_Time_diff_div_Pickup_-_Time_Placement_-_Time_diff_Arrival_at_Pickup_-_Time_Placement_-_Time_diff_div_Confirmation_-_Time_Placement_-_Time_diff,0.00011059272200045979
multiply_Pickup_-_Time_Arrival_at_Pickup_-_Time_diff_div_Arrival_at_Pickup_-_Time_Confirmation_-_Time_diff_Pickup_-_Time_Placement_-_Time_diff_div_Confirmation_-_Time_Placement_-_Time_diff,0.00010783873617136324
multiply_Pickup_-_Time_Confirmation_-_Time_diff_div_Confirmation_-_Time_Placement_-_Time_diff_Pickup_-_Time_Placement_-_Time_diff_div_Confirmation_-_Time_Placement_-_Time_diff,0.00010529518996942741
multiply_Pickup_-_Time_Confirmation_-_Time_diff_div_Arrival_at_Pickup_-_Time_Placement_-_Time_diff_Pickup_-_Time_Confirmation_-_Time_diff_div_Confirmation_-_Time_Placement_-_Time_diff,0.00010299730115647041
multiply_Pickup_-_Time_Arrival_at_Pickup_-_Time_diff_div_Pickup_-_Time_Placement_-_Time_diff_Pickup_-_Time_Arrival_at_Pickup_-_Time_diff_div_Arrival_at_Pickup_-_Time_Confirmation_-_Time_diff,0.00010295077966464573
multiply_Pickup_-_Time_Arrival_at_Pickup_-_Time_diff_div_Pickup_-_Time_Confirmation_-_Time_diff_Pickup_-_Time_Placement_-_Time_diff_div_Arrival_at_Pickup_-_Time_Placement_-_Time_diff,9.920007569582962e-05
multiply_Pickup_-_Time_Arrival_at_Pickup_-_Time_diff_div_Pickup_-_Time_Confirmation_-_Time_diff_Arrival_at_Pickup_-_Time_Confirmation_-_Time_diff_div_Confirmation_-_Time_Placement_-_Time_diff,9.760029547692983e-05
log_Pickup_-_Time_Placement_-_Time_diff,9.399075506998721e-05
Pickup_-_Time_Confirmation_-_Time_diff_div_Arrival_at_Pickup_-_Time_Confirmation_-_Time_diff,8.911744278190003e-05
multiply_Pickup_-_Time_Arrival_at_Pickup_-_Time_diff_div_Confirmation_-_Time_Placement_-_Time_diff_Arrival_at_Pickup_-_Time_Placement_-_Time_diff_div_Confirmation_-_Time_Placement_-_Time_diff,8.880314476880451e-05
multiply_Pickup_-_Time_Arrival_at_Pickup_-_Time_diff_div_Arrival_at_Pickup_-_Time_Confirmation_-_Time_diff_Pickup_-_Time_Placement_-_Time_diff_div_Arrival_at_Pickup_-_Time_Placement_-_Time_diff,8.669759946504352e-05
Pickup_-_Weekday_(Mo_=_1)_speed_std,8.461120861534048e-05
"Pickup_-_Time,_hour",8.350541341424128e-05
multiply_Pickup_-_Time_Confirmation_-_Time_diff_div_Pickup_-_Time_Placement_-_Time_diff_Pickup_-_Time_Confirmation_-_Time_diff_div_Confirmation_-_Time_Placement_-_Time_diff,8.084338524596557e-05
multiply_Pickup_-_Time_Confirmation_-_Time_diff_div_Arrival_at_Pickup_-_Time_Placement_-_Time_diff_Arrival_at_Pickup_-_Time_Placement_-_Time_diff_div_Confirmation_-_Time_Placement_-_Time_diff,8.033456458984739e-05
Pickup_-_Time_Placement_-_Time_diff_div_Confirmation_-_Time_Placement_-_Time_diff,8.024417668851966e-05
Arrival_at_Pickup_-_Time_Confirmation_-_Time_diff_div_Confirmation_-_Time_Placement_-_Time_diff,7.915034693935038e-05
multiply_Arrival_at_Pickup_-_Time_Confirmation_-_Time_diff_div_Arrival_at_Pickup_-_Time_Placement_-_Time_diff_Arrival_at_Pickup_-_Time_Placement_-_Time_diff_div_Confirmation_-_Time_Placement_-_Time_diff,7.786106444310976e-05
Personal_or_Business_speed_mean,7.62916248172897e-05
multiply_Pickup_-_Time_Confirmation_-_Time_diff_div_Confirmation_-_Time_Placement_-_Time_diff_Arrival_at_Pickup_-_Time_Placement_-_Time_diff_div_Confirmation_-_Time_Placement_-_Time_diff,7.591997457591132e-05
log_Confirmation_-_Time_Placement_-_Time_diff,7.523176502746934e-05
Precipitation_in_millimeters,6.690369662498992e-05
multiply_Pickup_-_Time_Arrival_at_Pickup_-_Time_diff_div_Arrival_at_Pickup_-_Time_Placement_-_Time_diff_Pickup_-_Time_Confirmation_-_Time_diff_div_Arrival_at_Pickup_-_Time_Placement_-_Time_diff,6.419290984431057e-05
multiply_Pickup_-_Time_Confirmation_-_Time_diff_div_Arrival_at_Pickup_-_Time_Confirmation_-_Time_diff_Pickup_-_Time_Placement_-_Time_diff_div_Confirmation_-_Time_Placement_-_Time_diff,6.107035649767808e-05
multiply_Pickup_-_Time_Confirmation_-_Time_diff_div_Pickup_-_Time_Placement_-_Time_diff_Arrival_at_Pickup_-_Time_Confirmation_-_Time_diff_div_Arrival_at_Pickup_-_Time_Placement_-_Time_diff,6.058658031784046e-05
multiply_Pickup_-_Time_Placement_-_Time_diff_div_Arrival_at_Pickup_-_Time_Placement_-_Time_diff_Arrival_at_Pickup_-_Time_Placement_-_Time_diff_div_Confirmation_-_Time_Placement_-_Time_diff,6.0380930264095554e-05
"Pickup_-_Time,_hour_speed_std",5.489594218832254e-05
"Confirmation_-_Time,_hour",5.239797648384432e-05
multiply_Pickup_-_Time_Placement_-_Time_diff_div_Arrival_at_Pickup_-_Time_Placement_-_Time_diff_Pickup_-_Time_Arrival_at_Pickup_-_Time_diff_div_Confirmation_-_Time_Placement_-_Time_diff,5.229588886785815e-05
multiply_Arrival_at_Pickup_-_Time_Confirmation_-_Time_diff_div_Arrival_at_Pickup_-_Time_Placement_-_Time_diff_Pickup_-_Time_Arrival_at_Pickup_-_Time_diff_div_Pickup_-_Time_Confirmation_-_Time_diff,5.185648255945527e-05
Pickup_-_Time_Arrival_at_Pickup_-_Time_diff_div_Arrival_at_Pickup_-_Time_Placement_-_Time_diff,5.1046616679255145e-05
multiply_Pickup_-_Time_Arrival_at_Pickup_-_Time_diff_div_Pickup_-_Time_Placement_-_Time_diff_Pickup_-_Time_Confirmation_-_Time_diff_div_Pickup_-_Time_Placement_-_Time_diff,5.005768395190533e-05
multiply_Pickup_-_Time_Arrival_at_Pickup_-_Time_diff_div_Arrival_at_Pickup_-_Time_Placement_-_Time_diff_Pickup_-_Time_Confirmation_-_Time_diff_div_Pickup_-_Time_Placement_-_Time_diff,4.9922481783134947e-05
multiply_Pickup_-_Time_Placement_-_Time_diff_div_Confirmation_-_Time_Placement_-_Time_diff_Pickup_-_Time_Placement_-_Time_diff_div_Confirmation_-_Time_Placement_-_Time_diff,4.9710812476210595e-05
multiply_Pickup_-_Time_Arrival_at_Pickup_-_Time_diff_div_Pickup_-_Time_Placement_-_Time_diff_Arrival_at_Pickup_-_Time_Confirmation_-_Time_diff_div_Confirmation_-_Time_Placement_-_Time_diff,4.8753757923462536e-05
Pickup_-_Weekday_(Mo_=_1)_speed_mean_to_median,4.8617522304050676e-05
Pickup_-_Time_Confirmation_-_Time_diff_div_Confirmation_-_Time_Placement_-_Time_diff,4.556077049518034e-05
multiply_Pickup_-_Time_Arrival_at_Pickup_-_Time_diff_div_Confirmation_-_Time_Placement_-_Time_diff_Arrival_at_Pickup_-_Time_Confirmation_-_Time_diff_div_Confirmation_-_Time_Placement_-_Time_diff,4.541411498531136e-05
multiply_Arrival_at_Pickup_-_Time_Placement_-_Time_diff_div_Confirmation_-_Time_Placement_-_Time_diff_Pickup_-_Time_Confirmation_-_Time_diff_div_Pickup_-_Time_Placement_-_Time_diff,4.4553875173000766e-05
multiply_Pickup_-_Time_Confirmation_-_Time_diff_div_Confirmation_-_Time_Placement_-_Time_diff_Arrival_at_Pickup_-_Time_Confirmation_-_Time_diff_div_Confirmation_-_Time_Placement_-_Time_diff,4.369540336021315e-05
multiply_Pickup_-_Time_Arrival_at_Pickup_-_Time_diff_div_Pickup_-_Time_Placement_-_Time_diff_Arrival_at_Pickup_-_Time_Confirmation_-_Time_diff_div_Arrival_at_Pickup_-_Time_Placement_-_Time_diff,4.328318803196623e-05
multiply_Pickup_-_Time_Arrival_at_Pickup_-_Time_diff_div_Confirmation_-_Time_Placement_-_Time_diff_Arrival_at_Pickup_-_Time_Confirmation_-_Time_diff_div_Arrival_at_Pickup_-_Time_Placement_-_Time_diff,4.2513414483391976e-05
"Pickup_-_Time,_hour_speed_mean_to_median",4.198001347262204e-05
multiply_Pickup_-_Time_Confirmation_-_Time_diff_div_Pickup_-_Time_Placement_-_Time_diff_Arrival_at_Pickup_-_Time_Placement_-_Time_diff_div_Confirmation_-_Time_Placement_-_Time_diff,4.1451310880722024e-05
multiply_Pickup_-_Time_Arrival_at_Pickup_-_Time_diff_div_Pickup_-_Time_Confirmation_-_Time_diff_Pickup_-_Time_Arrival_at_Pickup_-_Time_diff_div_Arrival_at_Pickup_-_Time_Placement_-_Time_diff,4.1247471851187436e-05
multiply_Pickup_-_Time_Placement_-_Time_diff_div_Arrival_at_Pickup_-_Time_Placement_-_Time_diff_Arrival_at_Pickup_-_Time_Confirmation_-_Time_diff_div_Confirmation_-_Time_Placement_-_Time_diff,4.0725305465415326e-05
multiply_Arrival_at_Pickup_-_Time_Confirmation_-_Time_diff_div_Confirmation_-_Time_Placement_-_Time_diff_Pickup_-_Time_Arrival_at_Pickup_-_Time_diff_div_Arrival_at_Pickup_-_Time_Confirmation_-_Time_diff,4.0555538009856576e-05
multiply_Pickup_-_Time_Placement_-_Time_diff_div_Confirmation_-_Time_Placement_-_Time_diff_Arrival_at_Pickup_-_Time_Placement_-_Time_diff_div_Confirmation_-_Time_Placement_-_Time_diff,3.931324796998344e-05
multiply_Pickup_-_Time_Arrival_at_Pickup_-_Time_diff_div_Arrival_at_Pickup_-_Time_Placement_-_Time_diff_Pickup_-_Time_Placement_-_Time_diff_div_Arrival_at_Pickup_-_Time_Placement_-_Time_diff,3.6894828129440825e-05
multiply_Pickup_-_Time_Confirmation_-_Time_diff_div_Arrival_at_Pickup_-_Time_Confirmation_-_Time_diff_Arrival_at_Pickup_-_Time_Confirmation_-_Time_diff_div_Confirmation_-_Time_Placement_-_Time_diff,3.625969408126201e-05
multiply_Pickup_-_Time_Placement_-_Time_diff_div_Confirmation_-_Time_Placement_-_Time_diff_Pickup_-_Time_Arrival_at_Pickup_-_Time_diff_div_Pickup_-_Time_Confirmation_-_Time_diff,3.606245108601374e-05
multiply_Pickup_-_Time_Confirmation_-_Time_diff_div_Confirmation_-_Time_Placement_-_Time_diff_Arrival_at_Pickup_-_Time_Confirmation_-_Time_diff_div_Arrival_at_Pickup_-_Time_Placement_-_Time_diff,3.5070427165743405e-05
multiply_Arrival_at_Pickup_-_Time_Confirmation_-_Time_diff_div_Confirmation_-_Time_Placement_-_Time_diff_Pickup_-_Time_Arrival_at_Pickup_-_Time_diff_div_Confirmation_-_Time_Placement_-_Time_diff,3.496120220450736e-05
Pickup_-_Time_Arrival_at_Pickup_-_Time_diff_div_Pickup_-_Time_Placement_-_Time_diff,3.224219962347888e-05
multiply_Arrival_at_Pickup_-_Time_Confirmation_-_Time_diff_div_Arrival_at_Pickup_-_Time_Placement_-_Time_diff_Pickup_-_Time_Placement_-_Time_diff_div_Arrival_at_Pickup_-_Time_Confirmation_-_Time_diff,3.1426749224794226e-05
multiply_Arrival_at_Pickup_-_Time_Confirmation_-_Time_diff_div_Confirmation_-_Time_Placement_-_Time_diff_Arrival_at_Pickup_-_Time_Confirmation_-_Time_diff_div_Arrival_at_Pickup_-_Time_Placement_-_Time_diff,3.128267810016188e-05
multiply_Pickup_-_Time_Confirmation_-_Time_diff_div_Confirmation_-_Time_Placement_-_Time_diff_Pickup_-_Time_Confirmation_-_Time_diff_div_Arrival_at_Pickup_-_Time_Confirmation_-_Time_diff,3.114171221556923e-05
multiply_Pickup_-_Time_Placement_-_Time_diff_div_Arrival_at_Pickup_-_Time_Confirmation_-_Time_diff_Pickup_-_Time_Arrival_at_Pickup_-_Time_diff_div_Arrival_at_Pickup_-_Time_Confirmation_-_Time_diff,3.075516495564133e-05
multiply_Pickup_-_Time_Confirmation_-_Time_diff_div_Arrival_at_Pickup_-_Time_Confirmation_-_Time_diff_Pickup_-_Time_Confirmation_-_Time_diff_div_Confirmation_-_Time_Placement_-_Time_diff,2.9029975649478856e-05
multiply_Arrival_at_Pickup_-_Time_Placement_-_Time_diff_div_Confirmation_-_Time_Placement_-_Time_diff_Pickup_-_Time_Arrival_at_Pickup_-_Time_diff_div_Arrival_at_Pickup_-_Time_Confirmation_-_Time_diff,2.8036891003478057e-05
multiply_Arrival_at_Pickup_-_Time_Confirmation_-_Time_diff_div_Confirmation_-_Time_Placement_-_Time_diff_Pickup_-_Time_Confirmation_-_Time_diff_div_Confirmation_-_Time_Placement_-_Time_diff,2.802792537653122e-05
multiply_Arrival_at_Pickup_-_Time_Confirmation_-_Time_diff_div_Arrival_at_Pickup_-_Time_Placement_-_Time_diff_Pickup_-_Time_Confirmation_-_Time_diff_div_Pickup_-_Time_Placement_-_Time_diff,2.7567047685484747e-05
Destination_Lat_Destination_Long_speed_count,2.6536498742417257e-05
multiply_Arrival_at_Pickup_-_Time_Confirmation_-_Time_diff_div_Confirmation_-_Time_Placement_-_Time_diff_Arrival_at_Pickup_-_Time_Placement_-_Time_diff_div_Confirmation_-_Time_Placement_-_Time_diff,2.651177353637785e-05
multiply_Pickup_-_Time_Placement_-_Time_diff_div_Confirmation_-_Time_Placement_-_Time_diff_Pickup_-_Time_Placement_-_Time_diff_div_Arrival_at_Pickup_-_Time_Confirmation_-_Time_diff,2.5613643438866702e-05
multiply_Pickup_-_Time_Placement_-_Time_diff_div_Confirmation_-_Time_Placement_-_Time_diff_Pickup_-_Time_Arrival_at_Pickup_-_Time_diff_div_Confirmation_-_Time_Placement_-_Time_diff,2.5188944523814193e-05
multiply_Arrival_at_Pickup_-_Time_Confirmation_-_Time_diff_div_Confirmation_-_Time_Placement_-_Time_diff_Pickup_-_Time_Confirmation_-_Time_diff_div_Arrival_at_Pickup_-_Time_Confirmation_-_Time_diff,2.4831623699079904e-05
multiply_Pickup_-_Time_Confirmation_-_Time_diff_div_Pickup_-_Time_Placement_-_Time_diff_Pickup_-_Time_Placement_-_Time_diff_div_Confirmation_-_Time_Placement_-_Time_diff,2.416512398131112e-05
multiply_Arrival_at_Pickup_-_Time_Confirmation_-_Time_diff_div_Confirmation_-_Time_Placement_-_Time_diff_Arrival_at_Pickup_-_Time_Confirmation_-_Time_diff_div_Confirmation_-_Time_Placement_-_Time_diff,2.4092843818512892e-05
multiply_Pickup_-_Time_Arrival_at_Pickup_-_Time_diff_div_Arrival_at_Pickup_-_Time_Placement_-_Time_diff_Pickup_-_Time_Confirmation_-_Time_diff_div_Arrival_at_Pickup_-_Time_Confirmation_-_Time_diff,2.3399836127545602e-05
multiply_Pickup_-_Time_Arrival_at_Pickup_-_Time_diff_div_Arrival_at_Pickup_-_Time_Placement_-_Time_diff_Pickup_-_Time_Placement_-_Time_diff_div_Arrival_at_Pickup_-_Time_Confirmation_-_Time_diff,2.225994934012431e-05
multiply_Pickup_-_Time_Placement_-_Time_diff_div_Arrival_at_Pickup_-_Time_Confirmation_-_Time_diff_Pickup_-_Time_Confirmation_-_Time_diff_div_Arrival_at_Pickup_-_Time_Confirmation_-_Time_diff,2.1701261409985114e-05
multiply_Pickup_-_Time_Confirmation_-_Time_diff_div_Arrival_at_Pickup_-_Time_Placement_-_Time_diff_Pickup_-_Time_Placement_-_Time_diff_div_Confirmation_-_Time_Placement_-_Time_diff,2.012108085159201e-05
Platform_Type,1.9837363044016724e-05
multiply_Arrival_at_Pickup_-_Time_Confirmation_-_Time_diff_div_Arrival_at_Pickup_-_Time_Placement_-_Time_diff_Pickup_-_Time_Confirmation_-_Time_diff_div_Arrival_at_Pickup_-_Time_Placement_-_Time_diff,1.8974669435835184e-05
multiply_Arrival_at_Pickup_-_Time_Confirmation_-_Time_diff_div_Arrival_at_Pickup_-_Time_Placement_-_Time_diff_Pickup_-_Time_Arrival_at_Pickup_-_Time_diff_div_Arrival_at_Pickup_-_Time_Confirmation_-_Time_diff,1.844873893616722e-05
multiply_Arrival_at_Pickup_-_Time_Confirmation_-_Time_diff_div_Confirmation_-_Time_Placement_-_Time_diff_Pickup_-_Time_Arrival_at_Pickup_-_Time_diff_div_Pickup_-_Time_Confirmation_-_Time_diff,1.8238030901881318e-05
multiply_Arrival_at_Pickup_-_Time_Placement_-_Time_diff_div_Confirmation_-_Time_Placement_-_Time_diff_Pickup_-_Time_Arrival_at_Pickup_-_Time_diff_div_Confirmation_-_Time_Placement_-_Time_diff,1.8115509723405105e-05
multiply_Pickup_-_Time_Arrival_at_Pickup_-_Time_diff_div_Confirmation_-_Time_Placement_-_Time_diff_Pickup_-_Time_Confirmation_-_Time_diff_div_Arrival_at_Pickup_-_Time_Confirmation_-_Time_diff,1.810284462637096e-05
multiply_Pickup_-_Time_Confirmation_-_Time_diff_div_Pickup_-_Time_Placement_-_Time_diff_Pickup_-_Time_Placement_-_Time_diff_div_Arrival_at_Pickup_-_Time_Confirmation_-_Time_diff,1.8013465117051118e-05
multiply_Arrival_at_Pickup_-_Time_Placement_-_Time_diff_div_Confirmation_-_Time_Placement_-_Time_diff_Pickup_-_Time_Confirmation_-_Time_diff_div_Arrival_at_Pickup_-_Time_Placement_-_Time_diff,1.6970058897650922e-05
multiply_Pickup_-_Time_Confirmation_-_Time_diff_div_Arrival_at_Pickup_-_Time_Placement_-_Time_diff_Pickup_-_Time_Placement_-_Time_diff_div_Arrival_at_Pickup_-_Time_Confirmation_-_Time_diff,1.666432264197582e-05
Pickup_-_Time_Confirmation_-_Time_diff_div_Arrival_at_Pickup_-_Time_Placement_-_Time_diff,1.629355710494691e-05
multiply_Arrival_at_Pickup_-_Time_Confirmation_-_Time_diff_div_Arrival_at_Pickup_-_Time_Placement_-_Time_diff_Pickup_-_Time_Confirmation_-_Time_diff_div_Arrival_at_Pickup_-_Time_Confirmation_-_Time_diff,1.605825033958766e-05
multiply_Arrival_at_Pickup_-_Time_Placement_-_Time_diff_div_Confirmation_-_Time_Placement_-_Time_diff_Pickup_-_Time_Arrival_at_Pickup_-_Time_diff_div_Pickup_-_Time_Confirmation_-_Time_diff,1.5836525067040596e-05
multiply_Arrival_at_Pickup_-_Time_Confirmation_-_Time_diff_div_Confirmation_-_Time_Placement_-_Time_diff_Pickup_-_Time_Placement_-_Time_diff_div_Confirmation_-_Time_Placement_-_Time_diff,1.5191104862812428e-05
multiply_Pickup_-_Time_Placement_-_Time_diff_div_Arrival_at_Pickup_-_Time_Confirmation_-_Time_diff_Pickup_-_Time_Arrival_at_Pickup_-_Time_diff_div_Pickup_-_Time_Confirmation_-_Time_diff,1.4829139150612634e-05
multiply_Arrival_at_Pickup_-_Time_Placement_-_Time_diff_div_Confirmation_-_Time_Placement_-_Time_diff_Pickup_-_Time_Placement_-_Time_diff_div_Arrival_at_Pickup_-_Time_Confirmation_-_Time_diff,1.4716924007161872e-05
multiply_Arrival_at_Pickup_-_Time_Placement_-_Time_diff_div_Confirmation_-_Time_Placement_-_Time_diff_Arrival_at_Pickup_-_Time_Placement_-_Time_diff_div_Confirmation_-_Time_Placement_-_Time_diff,1.4624822509512301e-05
multiply_Pickup_-_Time_Arrival_at_Pickup_-_Time_diff_div_Pickup_-_Time_Placement_-_Time_diff_Pickup_-_Time_Placement_-_Time_diff_div_Confirmation_-_Time_Placement_-_Time_diff,1.4280409167935152e-05
multiply_Pickup_-_Time_Arrival_at_Pickup_-_Time_diff_div_Pickup_-_Time_Placement_-_Time_diff_Pickup_-_Time_Arrival_at_Pickup_-_Time_diff_div_Pickup_-_Time_Confirmation_-_Time_diff,1.4232618017023427e-05
multiply_Pickup_-_Time_Placement_-_Time_diff_div_Arrival_at_Pickup_-_Time_Placement_-_Time_diff_Pickup_-_Time_Placement_-_Time_diff_div_Confirmation_-_Time_Placement_-_Time_diff,1.3894327171091335e-05
multiply_Arrival_at_Pickup_-_Time_Confirmation_-_Time_diff_div_Arrival_at_Pickup_-_Time_Placement_-_Time_diff_Arrival_at_Pickup_-_Time_Confirmation_-_Time_diff_div_Arrival_at_Pickup_-_Time_Placement_-_Time_diff,1.3878104377146413e-05
Pickup_-_Weekday_(Mo_=_1),1.3525478952816687e-05
multiply_Pickup_-_Time_Arrival_at_Pickup_-_Time_diff_div_Arrival_at_Pickup_-_Time_Confirmation_-_Time_diff_Pickup_-_Time_Confirmation_-_Time_diff_div_Arrival_at_Pickup_-_Time_Confirmation_-_Time_diff,1.3440895065802485e-05
multiply_Pickup_-_Time_Placement_-_Time_diff_div_Confirmation_-_Time_Placement_-_Time_diff_Pickup_-_Time_Confirmation_-_Time_diff_div_Arrival_at_Pickup_-_Time_Confirmation_-_Time_diff,1.3405977592131169e-05
multiply_Pickup_-_Time_Placement_-_Time_diff_div_Confirmation_-_Time_Placement_-_Time_diff_Arrival_at_Pickup_-_Time_Confirmation_-_Time_diff_div_Arrival_at_Pickup_-_Time_Placement_-_Time_diff,1.2753883293785268e-05
multiply_Arrival_at_Pickup_-_Time_Placement_-_Time_diff_div_Confirmation_-_Time_Placement_-_Time_diff_Pickup_-_Time_Arrival_at_Pickup_-_Time_diff_div_Pickup_-_Time_Placement_-_Time_diff,1.2519161457708248e-05
multiply_Arrival_at_Pickup_-_Time_Confirmation_-_Time_diff_div_Arrival_at_Pickup_-_Time_Placement_-_Time_diff_Pickup_-_Time_Confirmation_-_Time_diff_div_Confirmation_-_Time_Placement_-_Time_diff,1.24096580560169e-05
multiply_Pickup_-_Time_Arrival_at_Pickup_-_Time_diff_div_Pickup_-_Time_Confirmation_-_Time_diff_Pickup_-_Time_Confirmation_-_Time_diff_div_Confirmation_-_Time_Placement_-_Time_diff,1.118784886006766e-05
multiply_Arrival_at_Pickup_-_Time_Confirmation_-_Time_diff_div_Arrival_at_Pickup_-_Time_Placement_-_Time_diff_Pickup_-_Time_Arrival_at_Pickup_-_Time_diff_div_Arrival_at_Pickup_-_Time_Placement_-_Time_diff,1.0975293296414666e-05
multiply_Pickup_-_Time_Confirmation_-_Time_diff_div_Pickup_-_Time_Placement_-_Time_diff_Pickup_-_Time_Arrival_at_Pickup_-_Time_diff_div_Pickup_-_Time_Placement_-_Time_diff,1.0920169581651141e-05
Platform_Type_speed_mean,1.0448633669650527e-05
multiply_Pickup_-_Time_Confirmation_-_Time_diff_div_Confirmation_-_Time_Placement_-_Time_diff_Pickup_-_Time_Confirmation_-_Time_diff_div_Arrival_at_Pickup_-_Time_Placement_-_Time_diff,1.0336751806686818e-05
multiply_Pickup_-_Time_Placement_-_Time_diff_div_Confirmation_-_Time_Placement_-_Time_diff_Pickup_-_Time_Placement_-_Time_diff_div_Arrival_at_Pickup_-_Time_Placement_-_Time_diff,9.765584988746941e-06
multiply_Arrival_at_Pickup_-_Time_Confirmation_-_Time_diff_div_Arrival_at_Pickup_-_Time_Placement_-_Time_diff_Pickup_-_Time_Placement_-_Time_diff_div_Arrival_at_Pickup_-_Time_Placement_-_Time_diff,9.51100003173555e-06
multiply_Pickup_-_Time_Arrival_at_Pickup_-_Time_diff_div_Arrival_at_Pickup_-_Time_Placement_-_Time_diff_Arrival_at_Pickup_-_Time_Placement_-_Time_diff_div_Confirmation_-_Time_Placement_-_Time_diff,9.335796350272788e-06
multiply_Arrival_at_Pickup_-_Time_Confirmation_-_Time_diff_div_Arrival_at_Pickup_-_Time_Placement_-_Time_diff_Pickup_-_Time_Arrival_at_Pickup_-_Time_diff_div_Confirmation_-_Time_Placement_-_Time_diff,8.894828046108208e-06
multiply_Pickup_-_Time_Placement_-_Time_diff_div_Arrival_at_Pickup_-_Time_Confirmation_-_Time_diff_Pickup_-_Time_Arrival_at_Pickup_-_Time_diff_div_Confirmation_-_Time_Placement_-_Time_diff,8.031414574356318e-06
multiply_Arrival_at_Pickup_-_Time_Placement_-_Time_diff_div_Confirmation_-_Time_Placement_-_Time_diff_Pickup_-_Time_Confirmation_-_Time_diff_div_Confirmation_-_Time_Placement_-_Time_diff,7.982920931847453e-06
multiply_Pickup_-_Time_Arrival_at_Pickup_-_Time_diff_div_Confirmation_-_Time_Placement_-_Time_diff_Pickup_-_Time_Arrival_at_Pickup_-_Time_diff_div_Pickup_-_Time_Placement_-_Time_diff,6.82303426275947e-06
multiply_Pickup_-_Time_Placement_-_Time_diff_div_Confirmation_-_Time_Placement_-_Time_diff_Pickup_-_Time_Confirmation_-_Time_diff_div_Confirmation_-_Time_Placement_-_Time_diff,6.80568239297561e-06
multiply_Pickup_-_Time_Confirmation_-_Time_diff_div_Arrival_at_Pickup_-_Time_Placement_-_Time_diff_Pickup_-_Time_Arrival_at_Pickup_-_Time_diff_div_Arrival_at_Pickup_-_Time_Placement_-_Time_diff,6.74882428407662e-06
multiply_Pickup_-_Time_Confirmation_-_Time_diff_div_Confirmation_-_Time_Placement_-_Time_diff_Pickup_-_Time_Confirmation_-_Time_diff_div_Confirmation_-_Time_Placement_-_Time_diff,6.483011027367226e-06
Platform_Type_speed_median,4.840906997917019e-06
Platform_Type_speed_mean_to_median,0.0
multiply_Pickup_-_Time_Placement_-_Time_diff_div_Arrival_at_Pickup_-_Time_Placement_-_Time_diff_Pickup_-_Time_Arrival_at_Pickup_-_Time_diff_div_Arrival_at_Pickup_-_Time_Placement_-_Time_diff,0.0
multiply_Pickup_-_Time_Placement_-_Time_diff_div_Arrival_at_Pickup_-_Time_Placement_-_Time_diff_Pickup_-_Time_Arrival_at_Pickup_-_Time_diff_div_Arrival_at_Pickup_-_Time_Confirmation_-_Time_diff,0.0
multiply_Pickup_-_Time_Confirmation_-_Time_diff_div_Arrival_at_Pickup_-_Time_Confirmation_-_Time_diff_Pickup_-_Time_Arrival_at_Pickup_-_Time_diff_div_Pickup_-_Time_Placement_-_Time_diff,0.0
Platform_Type_speed_q_diff,0.0
multiply_Arrival_at_Pickup_-_Time_Confirmation_-_Time_diff_div_Arrival_at_Pickup_-_Time_Placement_-_Time_diff_Pickup_-_Time_Placement_-_Time_diff_div_Confirmation_-_Time_Placement_-_Time_diff,0.0
multiply_Arrival_at_Pickup_-_Time_Confirmation_-_Time_diff_div_Confirmation_-_Time_Placement_-_Time_diff_Pickup_-_Time_Arrival_at_Pickup_-_Time_diff_div_Arrival_at_Pickup_-_Time_Placement_-_Time_diff,0.0
Platform_Type_speed_std,0.0
multiply_Arrival_at_Pickup_-_Time_Confirmation_-_Time_diff_div_Confirmation_-_Time_Placement_-_Time_diff_Pickup_-_Time_Arrival_at_Pickup_-_Time_diff_div_Pickup_-_Time_Placement_-_Time_diff,0.0
multiply_Arrival_at_Pickup_-_Time_Confirmation_-_Time_diff_div_Confirmation_-_Time_Placement_-_Time_diff_Pickup_-_Time_Confirmation_-_Time_diff_div_Arrival_at_Pickup_-_Time_Placement_-_Time_diff,0.0
multiply_Pickup_-_Time_Placement_-_Time_diff_div_Arrival_at_Pickup_-_Time_Confirmation_-_Time_diff_Pickup_-_Time_Confirmation_-_Time_diff_div_Pickup_-_Time_Placement_-_Time_diff,0.0
multiply_Pickup_-_Time_Placement_-_Time_diff_div_Arrival_at_Pickup_-_Time_Confirmation_-_Time_diff_Pickup_-_Time_Confirmation_-_Time_diff_div_Confirmation_-_Time_Placement_-_Time_diff,0.0
multiply_Pickup_-_Time_Placement_-_Time_diff_div_Arrival_at_Pickup_-_Time_Confirmation_-_Time_diff_Pickup_-_Time_Confirmation_-_Time_diff_div_Arrival_at_Pickup_-_Time_Placement_-_Time_diff,0.0
multiply_Arrival_at_Pickup_-_Time_Confirmation_-_Time_diff_div_Confirmation_-_Time_Placement_-_Time_diff_Pickup_-_Time_Confirmation_-_Time_diff_div_Pickup_-_Time_Placement_-_Time_diff,0.0
multiply_Pickup_-_Time_Placement_-_Time_diff_div_Arrival_at_Pickup_-_Time_Confirmation_-_Time_diff_Pickup_-_Time_Arrival_at_Pickup_-_Time_diff_div_Pickup_-_Time_Placement_-_Time_diff,0.0
multiply_Pickup_-_Time_Confirmation_-_Time_diff_div_Arrival_at_Pickup_-_Time_Confirmation_-_Time_diff_Pickup_-_Time_Confirmation_-_Time_diff_div_Arrival_at_Pickup_-_Time_Confirmation_-_Time_diff,0.0
multiply_Arrival_at_Pickup_-_Time_Confirmation_-_Time_diff_div_Arrival_at_Pickup_-_Time_Placement_-_Time_diff_Pickup_-_Time_Arrival_at_Pickup_-_Time_diff_div_Pickup_-_Time_Placement_-_Time_diff,0.0
multiply_Pickup_-_Time_Placement_-_Time_diff_div_Confirmation_-_Time_Placement_-_Time_diff_Pickup_-_Time_Confirmation_-_Time_diff_div_Pickup_-_Time_Placement_-_Time_diff,0.0
multiply_Pickup_-_Time_Placement_-_Time_diff_div_Arrival_at_Pickup_-_Time_Placement_-_Time_diff_Pickup_-_Time_Arrival_at_Pickup_-_Time_diff_div_Pickup_-_Time_Placement_-_Time_diff,0.0
multiply_Pickup_-_Time_Confirmation_-_Time_diff_div_Arrival_at_Pickup_-_Time_Confirmation_-_Time_diff_Pickup_-_Time_Arrival_at_Pickup_-_Time_diff_div_Arrival_at_Pickup_-_Time_Placement_-_Time_diff,0.0
multiply_Pickup_-_Time_Placement_-_Time_diff_div_Confirmation_-_Time_Placement_-_Time_diff_Pickup_-_Time_Arrival_at_Pickup_-_Time_diff_div_Arrival_at_Pickup_-_Time_Placement_-_Time_diff,0.0
multiply_Pickup_-_Time_Placement_-_Time_diff_div_Confirmation_-_Time_Placement_-_Time_diff_Pickup_-_Time_Arrival_at_Pickup_-_Time_diff_div_Arrival_at_Pickup_-_Time_Confirmation_-_Time_diff,0.0
multiply_Pickup_-_Time_Placement_-_Time_diff_div_Confirmation_-_Time_Placement_-_Time_diff_Pickup_-_Time_Arrival_at_Pickup_-_Time_diff_div_Pickup_-_Time_Placement_-_Time_diff,0.0
multiply_Pickup_-_Time_Arrival_at_Pickup_-_Time_diff_div_Pickup_-_Time_Placement_-_Time_diff_Pickup_-_Time_Arrival_at_Pickup_-_Time_diff_div_Pickup_-_Time_Placement_-_Time_diff,0.0
multiply_Pickup_-_Time_Confirmation_-_Time_diff_div_Arrival_at_Pickup_-_Time_Confirmation_-_Time_diff_Pickup_-_Time_Arrival_at_Pickup_-_Time_diff_div_Arrival_at_Pickup_-_Time_Confirmation_-_Time_diff,0.0
multiply_Pickup_-_Time_Arrival_at_Pickup_-_Time_diff_div_Pickup_-_Time_Placement_-_Time_diff_Pickup_-_Time_Placement_-_Time_diff_div_Arrival_at_Pickup_-_Time_Confirmation_-_Time_diff,0.0
multiply_Pickup_-_Time_Placement_-_Time_diff_div_Arrival_at_Pickup_-_Time_Placement_-_Time_diff_Pickup_-_Time_Placement_-_Time_diff_div_Arrival_at_Pickup_-_Time_Placement_-_Time_diff,0.0
multiply_Pickup_-_Time_Placement_-_Time_diff_div_Arrival_at_Pickup_-_Time_Placement_-_Time_diff_Pickup_-_Time_Confirmation_-_Time_diff_div_Arrival_at_Pickup_-_Time_Confirmation_-_Time_diff,0.0
multiply_Pickup_-_Time_Confirmation_-_Time_diff_div_Arrival_at_Pickup_-_Time_Confirmation_-_Time_diff_Pickup_-_Time_Arrival_at_Pickup_-_Time_diff_div_Confirmation_-_Time_Placement_-_Time_diff,0.0
multiply_Pickup_-_Time_Placement_-_Time_diff_div_Confirmation_-_Time_Placement_-_Time_diff_Pickup_-_Time_Confirmation_-_Time_diff_div_Arrival_at_Pickup_-_Time_Placement_-_Time_diff,0.0
multiply_Pickup_-_Time_Placement_-_Time_diff_div_Arrival_at_Pickup_-_Time_Confirmation_-_Time_diff_Pickup_-_Time_Arrival_at_Pickup_-_Time_diff_div_Arrival_at_Pickup_-_Time_Placement_-_Time_diff,0.0
multiply_Pickup_-_Time_Placement_-_Time_diff_div_Arrival_at_Pickup_-_Time_Placement_-_Time_diff_Pickup_-_Time_Confirmation_-_Time_diff_div_Pickup_-_Time_Placement_-_Time_diff,0.0
multiply_Pickup_-_Time_Placement_-_Time_diff_div_Arrival_at_Pickup_-_Time_Placement_-_Time_diff_Pickup_-_Time_Confirmation_-_Time_diff_div_Confirmation_-_Time_Placement_-_Time_diff,0.0
multiply_Pickup_-_Time_Confirmation_-_Time_diff_div_Arrival_at_Pickup_-_Time_Confirmation_-_Time_diff_Pickup_-_Time_Arrival_at_Pickup_-_Time_diff_div_Pickup_-_Time_Confirmation_-_Time_diff,0.0
multiply_Pickup_-_Time_Arrival_at_Pickup_-_Time_diff_div_Pickup_-_Time_Confirmation_-_Time_diff_Pickup_-_Time_Arrival_at_Pickup_-_Time_diff_div_Pickup_-_Time_Confirmation_-_Time_diff,0.0
Personal_or_Business_speed_mean_to_median,0.0
multiply_Arrival_at_Pickup_-_Time_Confirmation_-_Time_diff_div_Confirmation_-_Time_Placement_-_Time_diff_Pickup_-_Time_Placement_-_Time_diff_div_Arrival_at_Pickup_-_Time_Confirmation_-_Time_diff,0.0
multiply_Pickup_-_Time_Confirmation_-_Time_diff_div_Confirmation_-_Time_Placement_-_Time_diff_Pickup_-_Time_Confirmation_-_Time_diff_div_Pickup_-_Time_Placement_-_Time_diff,0.0
multiply_Pickup_-_Time_Confirmation_-_Time_diff_div_Confirmation_-_Time_Placement_-_Time_diff_Pickup_-_Time_Arrival_at_Pickup_-_Time_diff_div_Pickup_-_Time_Placement_-_Time_diff,0.0
multiply_Pickup_-_Time_Confirmation_-_Time_diff_div_Confirmation_-_Time_Placement_-_Time_diff_Pickup_-_Time_Arrival_at_Pickup_-_Time_diff_div_Pickup_-_Time_Confirmation_-_Time_diff,0.0
multiply_Pickup_-_Time_Confirmation_-_Time_diff_div_Confirmation_-_Time_Placement_-_Time_diff_Pickup_-_Time_Arrival_at_Pickup_-_Time_diff_div_Arrival_at_Pickup_-_Time_Placement_-_Time_diff,0.0
multiply_Pickup_-_Time_Confirmation_-_Time_diff_div_Confirmation_-_Time_Placement_-_Time_diff_Pickup_-_Time_Arrival_at_Pickup_-_Time_diff_div_Arrival_at_Pickup_-_Time_Confirmation_-_Time_diff,0.0
multiply_Pickup_-_Time_Arrival_at_Pickup_-_Time_diff_div_Arrival_at_Pickup_-_Time_Placement_-_Time_diff_Pickup_-_Time_Arrival_at_Pickup_-_Time_diff_div_Arrival_at_Pickup_-_Time_Confirmation_-_Time_diff,0.0
multiply_Pickup_-_Time_Arrival_at_Pickup_-_Time_diff_div_Arrival_at_Pickup_-_Time_Placement_-_Time_diff_Pickup_-_Time_Arrival_at_Pickup_-_Time_diff_div_Arrival_at_Pickup_-_Time_Placement_-_Time_diff,0.0
multiply_Pickup_-_Time_Arrival_at_Pickup_-_Time_diff_div_Arrival_at_Pickup_-_Time_Placement_-_Time_diff_Pickup_-_Time_Arrival_at_Pickup_-_Time_diff_div_Pickup_-_Time_Confirmation_-_Time_diff,0.0
multiply_Pickup_-_Time_Arrival_at_Pickup_-_Time_diff_div_Arrival_at_Pickup_-_Time_Placement_-_Time_diff_Pickup_-_Time_Arrival_at_Pickup_-_Time_diff_div_Pickup_-_Time_Placement_-_Time_diff,0.0
multiply_Pickup_-_Time_Arrival_at_Pickup_-_Time_diff_div_Confirmation_-_Time_Placement_-_Time_diff_Pickup_-_Time_Arrival_at_Pickup_-_Time_diff_div_Confirmation_-_Time_Placement_-_Time_diff,0.0
multiply_Pickup_-_Time_Arrival_at_Pickup_-_Time_diff_div_Confirmation_-_Time_Placement_-_Time_diff_Pickup_-_Time_Placement_-_Time_diff_div_Arrival_at_Pickup_-_Time_Confirmation_-_Time_diff,0.0
multiply_Pickup_-_Time_Arrival_at_Pickup_-_Time_diff_div_Confirmation_-_Time_Placement_-_Time_diff_Pickup_-_Time_Placement_-_Time_diff_div_Arrival_at_Pickup_-_Time_Placement_-_Time_diff,0.0
multiply_Pickup_-_Time_Confirmation_-_Time_diff_div_Arrival_at_Pickup_-_Time_Placement_-_Time_diff_Pickup_-_Time_Confirmation_-_Time_diff_div_Arrival_at_Pickup_-_Time_Placement_-_Time_diff,0.0
Personal_or_Business_speed_std,0.0
multiply_Pickup_-_Time_Confirmation_-_Time_diff_div_Arrival_at_Pickup_-_Time_Placement_-_Time_diff_Pickup_-_Time_Arrival_at_Pickup_-_Time_diff_div_Pickup_-_Time_Placement_-_Time_diff,0.0
multiply_Pickup_-_Time_Confirmation_-_Time_diff_div_Arrival_at_Pickup_-_Time_Placement_-_Time_diff_Pickup_-_Time_Arrival_at_Pickup_-_Time_diff_div_Pickup_-_Time_Confirmation_-_Time_diff,0.0
multiply_Pickup_-_Time_Confirmation_-_Time_diff_div_Arrival_at_Pickup_-_Time_Placement_-_Time_diff_Pickup_-_Time_Arrival_at_Pickup_-_Time_diff_div_Confirmation_-_Time_Placement_-_Time_diff,0.0
multiply_Pickup_-_Time_Confirmation_-_Time_diff_div_Arrival_at_Pickup_-_Time_Placement_-_Time_diff_Pickup_-_Time_Arrival_at_Pickup_-_Time_diff_div_Arrival_at_Pickup_-_Time_Confirmation_-_Time_diff,0.0
multiply_Pickup_-_Time_Arrival_at_Pickup_-_Time_diff_div_Arrival_at_Pickup_-_Time_Confirmation_-_Time_diff_Pickup_-_Time_Confirmation_-_Time_diff_div_Pickup_-_Time_Placement_-_Time_diff,0.0
multiply_Pickup_-_Time_Confirmation_-_Time_diff_div_Confirmation_-_Time_Placement_-_Time_diff_Pickup_-_Time_Placement_-_Time_diff_div_Arrival_at_Pickup_-_Time_Confirmation_-_Time_diff,0.0
multiply_Arrival_at_Pickup_-_Time_Confirmation_-_Time_diff_div_Confirmation_-_Time_Placement_-_Time_diff_Pickup_-_Time_Placement_-_Time_diff_div_Arrival_at_Pickup_-_Time_Placement_-_Time_diff,0.0
multiply_Pickup_-_Time_Confirmation_-_Time_diff_div_Confirmation_-_Time_Placement_-_Time_diff_Pickup_-_Time_Placement_-_Time_diff_div_Arrival_at_Pickup_-_Time_Placement_-_Time_diff,0.0
Personal_or_Business_speed_q_diff,0.0
multiply_Arrival_at_Pickup_-_Time_Placement_-_Time_diff_div_Confirmation_-_Time_Placement_-_Time_diff_Arrival_at_Pickup_-_Time_Confirmation_-_Time_diff_div_Arrival_at_Pickup_-_Time_Placement_-_Time_diff,0.0
multiply_Arrival_at_Pickup_-_Time_Placement_-_Time_diff_div_Confirmation_-_Time_Placement_-_Time_diff_Arrival_at_Pickup_-_Time_Confirmation_-_Time_diff_div_Confirmation_-_Time_Placement_-_Time_diff,0.0
multiply_Pickup_-_Time_Arrival_at_Pickup_-_Time_diff_div_Pickup_-_Time_Placement_-_Time_diff_Pickup_-_Time_Arrival_at_Pickup_-_Time_diff_div_Arrival_at_Pickup_-_Time_Placement_-_Time_diff,0.0
multiply_Arrival_at_Pickup_-_Time_Placement_-_Time_diff_div_Confirmation_-_Time_Placement_-_Time_diff_Pickup_-_Time_Arrival_at_Pickup_-_Time_diff_div_Arrival_at_Pickup_-_Time_Placement_-_Time_diff,0.0
Personal_or_Business_speed_median,0.0
multiply_Arrival_at_Pickup_-_Time_Placement_-_Time_diff_div_Confirmation_-_Time_Placement_-_Time_diff_Pickup_-_Time_Confirmation_-_Time_diff_div_Arrival_at_Pickup_-_Time_Confirmation_-_Time_diff,0.0
multiply_Pickup_-_Time_Arrival_at_Pickup_-_Time_diff_div_Pickup_-_Time_Confirmation_-_Time_diff_Pickup_-_Time_Confirmation_-_Time_diff_div_Arrival_at_Pickup_-_Time_Placement_-_Time_diff,0.0
multiply_Pickup_-_Time_Arrival_at_Pickup_-_Time_diff_div_Pickup_-_Time_Placement_-_Time_diff_Pickup_-_Time_Placement_-_Time_diff_div_Arrival_at_Pickup_-_Time_Placement_-_Time_diff,0.0
multiply_Pickup_-_Time_Confirmation_-_Time_diff_div_Pickup_-_Time_Placement_-_Time_diff_Pickup_-_Time_Arrival_at_Pickup_-_Time_diff_div_Pickup_-_Time_Confirmation_-_Time_diff,0.0
multiply_Pickup_-_Time_Confirmation_-_Time_diff_div_Pickup_-_Time_Placement_-_Time_diff_Pickup_-_Time_Arrival_at_Pickup_-_Time_diff_div_Confirmation_-_Time_Placement_-_Time_diff,0.0
multiply_Pickup_-_Time_Confirmation_-_Time_diff_div_Pickup_-_Time_Placement_-_Time_diff_Pickup_-_Time_Arrival_at_Pickup_-_Time_diff_div_Arrival_at_Pickup_-_Time_Placement_-_Time_diff,0.0
multiply_Pickup_-_Time_Confirmation_-_Time_diff_div_Pickup_-_Time_Placement_-_Time_diff_Pickup_-_Time_Arrival_at_Pickup_-_Time_diff_div_Arrival_at_Pickup_-_Time_Confirmation_-_Time_diff,0.0
multiply_Arrival_at_Pickup_-_Time_Placement_-_Time_diff_div_Confirmation_-_Time_Placement_-_Time_diff_Pickup_-_Time_Placement_-_Time_diff_div_Arrival_at_Pickup_-_Time_Placement_-_Time_diff,0.0
multiply_Arrival_at_Pickup_-_Time_Placement_-_Time_diff_div_Confirmation_-_Time_Placement_-_Time_diff_Pickup_-_Time_Placement_-_Time_diff_div_Confirmation_-_Time_Placement_-_Time_diff,0.0
multiply_Pickup_-_Time_Arrival_at_Pickup_-_Time_diff_div_Arrival_at_Pickup_-_Time_Confirmation_-_Time_diff_Pickup_-_Time_Arrival_at_Pickup_-_Time_diff_div_Arrival_at_Pickup_-_Time_Confirmation_-_Time_diff,0.0
multiply_Pickup_-_Time_Arrival_at_Pickup_-_Time_diff_div_Pickup_-_Time_Confirmation_-_Time_diff_Pickup_-_Time_Confirmation_-_Time_diff_div_Arrival_at_Pickup_-_Time_Confirmation_-_Time_diff,0.0
multiply_Pickup_-_Time_Arrival_at_Pickup_-_Time_diff_div_Pickup_-_Time_Confirmation_-_Time_diff_Pickup_-_Time_Confirmation_-_Time_diff_div_Pickup_-_Time_Placement_-_Time_diff,0.0
